{"cameraMode":{"drawMode":0,"name":"Shaded","section":"Shading Mode"},"sceneLighting":false,"audioPlay":false,"sceneViewState":{"m_AlwaysRefresh":false,"showFog":true,"showSkybox":false,"showFlares":true,"showImageEffects":true,"showParticleSystems":true,"showVisualEffectGraphs":true,"m_FxEnabled":true},"in2DMode":false,"pivot":{"x":-0.6835241317749023,"y":-1.3162240982055665,"z":-1.489424705505371},"rotation":{"x":-0.23075975477695466,"y":0.10716843605041504,"z":-0.025606008246541024,"w":-0.9667710065841675},"size":6.533436298370361,"orthographic":false}