{"cameraMode":{"drawMode":0,"name":"Shaded","section":"Shading Mode"},"sceneLighting":false,"audioPlay":false,"sceneViewState":{"m_AlwaysRefresh":false,"showFog":true,"showSkybox":false,"showFlares":true,"showImageEffects":true,"showParticleSystems":true,"showVisualEffectGraphs":true,"m_FxEnabled":true},"in2DMode":false,"pivot":{"x":2.8878674507141115,"y":-3.1789402961730959,"z":12.775171279907227},"rotation":{"x":-0.11957988142967224,"y":-0.04673674702644348,"z":0.005636295303702354,"w":-0.9917139410972595},"size":18.210102081298829,"orthographic":false}