{"cameraMode":{"drawMode":0,"name":"Shaded","section":"Shading Mode"},"sceneLighting":false,"audioPlay":false,"sceneViewState":{"m_AlwaysRefresh":false,"showFog":true,"showSkybox":false,"showFlares":true,"showImageEffects":true,"showParticleSystems":true,"showVisualEffectGraphs":true,"m_FxEnabled":true},"in2DMode":false,"pivot":{"x":0.5504791736602783,"y":1.1629302501678467,"z":0.5017116069793701},"rotation":{"x":0.31964436173439028,"y":-0.027850432321429254,"z":0.00939976517111063,"w":0.9470821619033814},"size":16.50865364074707,"orthographic":false}