{"cameraMode":{"drawMode":0,"name":"Shaded","section":"Shading Mode"},"sceneLighting":false,"audioPlay":false,"sceneViewState":{"m_AlwaysRefresh":false,"showFog":true,"showSkybox":false,"showFlares":true,"showImageEffects":true,"showParticleSystems":true,"showVisualEffectGraphs":true,"m_FxEnabled":true},"in2DMode":false,"pivot":{"x":1.5787084102630616,"y":2.4136364459991457,"z":-1.0438437461853028},"rotation":{"x":-0.13336879014968873,"y":-0.025860663503408433,"z":0.0034527068492025139,"w":-0.9907428622245789},"size":11.652112007141114,"orthographic":false}