{"cameraMode":{"drawMode":0,"name":"Shaded","section":"Shading Mode"},"sceneLighting":false,"audioPlay":false,"sceneViewState":{"m_AlwaysRefresh":false,"showFog":true,"showSkybox":false,"showFlares":true,"showImageEffects":true,"showParticleSystems":true,"showVisualEffectGraphs":true,"m_FxEnabled":true},"in2DMode":false,"pivot":{"x":0.044974327087402347,"y":4.785514831542969,"z":1.7330265045166016},"rotation":{"x":0.31076663732528689,"y":-0.11228853464126587,"z":0.037000712007284167,"w":0.9431052207946777},"size":9.060490608215332,"orthographic":false}