{"cameraMode":{"drawMode":0,"name":"Shaded","section":"Shading Mode"},"sceneLighting":false,"audioPlay":false,"sceneViewState":{"m_AlwaysRefresh":false,"showFog":true,"showSkybox":false,"showFlares":true,"showImageEffects":true,"showParticleSystems":true,"showVisualEffectGraphs":true,"m_FxEnabled":true},"in2DMode":false,"pivot":{"x":3.0343611240386965,"y":1.4636210203170777,"z":1.1886221170425416},"rotation":{"x":-0.24197593331336976,"y":-0.055851925164461139,"z":0.013927108608186245,"w":-0.9685928225517273},"size":16.373655319213868,"orthographic":false}