{"cameraMode":{"drawMode":0,"name":"Shaded","section":"Shading Mode"},"sceneLighting":true,"audioPlay":false,"sceneViewState":{"m_AlwaysRefresh":false,"showFog":true,"showSkybox":true,"showFlares":true,"showImageEffects":true,"showParticleSystems":true,"showVisualEffectGraphs":true,"m_FxEnabled":true},"in2DMode":false,"pivot":{"x":16.564815521240236,"y":2.0804824829101564,"z":-24.005203247070314},"rotation":{"x":-0.17803716659545899,"y":0.634742021560669,"z":-0.15352317690849305,"w":-0.7360952496528626},"size":17.618499755859376,"orthographic":false}