{"cameraMode":{"drawMode":0,"name":"Shaded","section":"Shading Mode"},"sceneLighting":false,"audioPlay":false,"sceneViewState":{"m_AlwaysRefresh":false,"showFog":true,"showSkybox":false,"showFlares":true,"showImageEffects":true,"showParticleSystems":true,"showVisualEffectGraphs":true,"m_FxEnabled":true},"in2DMode":false,"pivot":{"x":550.3912353515625,"y":1253.79638671875,"z":-11.186882019042969},"rotation":{"x":-0.009309567511081696,"y":0.003906456287950277,"z":-0.00006137540185591206,"w":-0.9999682307243347},"size":1174.8583984375,"orthographic":false}