{"cameraMode":{"drawMode":0,"name":"Shaded","section":"Shading Mode"},"sceneLighting":true,"audioPlay":false,"sceneViewState":{"m_AlwaysRefresh":false,"showFog":true,"showSkybox":false,"showFlares":true,"showImageEffects":true,"showParticleSystems":true,"showVisualEffectGraphs":true,"m_FxEnabled":true},"in2DMode":false,"pivot":{"x":0.044314056634902957,"y":0.16473329067230225,"z":-0.05029541254043579},"rotation":{"x":-0.2764340341091156,"y":0.06825488805770874,"z":-0.019686652347445489,"w":-0.9584053158760071},"size":0.9349233508110046,"orthographic":false}