{"cameraMode":{"drawMode":0,"name":"Shaded","section":"Shading Mode"},"sceneLighting":true,"audioPlay":false,"sceneViewState":{"m_AlwaysRefresh":false,"showFog":true,"showSkybox":false,"showFlares":true,"showImageEffects":true,"showParticleSystems":true,"showVisualEffectGraphs":true,"m_FxEnabled":true},"in2DMode":false,"pivot":{"x":-2.3493924140930177,"y":9.093265533447266,"z":-4.631374359130859},"rotation":{"x":-0.23796121776103974,"y":-0.018358537927269937,"z":0.004499189555644989,"w":-0.9710918664932251},"size":12.466818809509278,"orthographic":false}