{"cameraMode":{"drawMode":0,"name":"Shaded","section":"Shading Mode"},"sceneLighting":false,"audioPlay":false,"sceneViewState":{"m_AlwaysRefresh":false,"showFog":true,"showSkybox":false,"showFlares":true,"showImageEffects":true,"showParticleSystems":true,"showVisualEffectGraphs":true,"m_FxEnabled":true},"in2DMode":false,"pivot":{"x":0.9955792427062988,"y":1.2987709045410157,"z":0.6981611251831055},"rotation":{"x":0.013470731675624848,"y":0.9839454293251038,"z":-0.1565774530172348,"w":0.08462934195995331},"size":9.61984920501709,"orthographic":false}