{"cameraMode":{"drawMode":0,"name":"Shaded","section":"Shading Mode"},"sceneLighting":false,"audioPlay":false,"sceneViewState":{"m_AlwaysRefresh":false,"showFog":true,"showSkybox":false,"showFlares":true,"showImageEffects":true,"showParticleSystems":true,"showVisualEffectGraphs":true,"m_FxEnabled":true},"in2DMode":false,"pivot":{"x":-4.744145393371582,"y":-1.9250812530517579,"z":-11.639984130859375},"rotation":{"x":-0.0014484733110293747,"y":0.9897738099098206,"z":-0.14231762290000916,"w":-0.010096853598952294},"size":24.00014305114746,"orthographic":false}