{"cameraMode":{"drawMode":0,"name":"Shaded","section":"Shading Mode"},"sceneLighting":false,"audioPlay":false,"sceneViewState":{"m_AlwaysRefresh":false,"showFog":true,"showSkybox":false,"showFlares":true,"showImageEffects":true,"showParticleSystems":true,"showVisualEffectGraphs":true,"m_FxEnabled":true},"in2DMode":false,"pivot":{"x":-1.5996778011322022,"y":4.398769855499268,"z":-1.429727554321289},"rotation":{"x":0.004074016120284796,"y":0.9813470840454102,"z":-0.19108358025550843,"w":0.020904794335365297},"size":15.370964050292969,"orthographic":false}