{"cameraMode":{"drawMode":0,"name":"Shaded","section":"Shading Mode"},"sceneLighting":false,"audioPlay":false,"sceneViewState":{"m_AlwaysRefresh":false,"showFog":true,"showSkybox":false,"showFlares":true,"showImageEffects":true,"showParticleSystems":true,"showVisualEffectGraphs":true,"m_FxEnabled":true},"in2DMode":false,"pivot":{"x":-0.4414072632789612,"y":-2.9806785583496095,"z":-1.9527502059936524},"rotation":{"x":-0.009148401208221913,"y":0.7823052406311035,"z":-0.6227306723594666,"w":-0.01150637585669756},"size":19.727937698364259,"orthographic":false}