{"cameraMode":{"drawMode":0,"name":"Shaded","section":"Shading Mode"},"sceneLighting":false,"audioPlay":false,"sceneViewState":{"m_AlwaysRefresh":false,"showFog":true,"showSkybox":false,"showFlares":true,"showImageEffects":true,"showParticleSystems":true,"showVisualEffectGraphs":true,"m_FxEnabled":true},"in2DMode":false,"pivot":{"x":-5.023849964141846,"y":-3.6625242233276369,"z":0.6141738891601563},"rotation":{"x":-0.03284406289458275,"y":0.9519510269165039,"z":-0.28387701511383059,"w":-0.11015418916940689},"size":13.077604293823243,"orthographic":false}