{"cameraMode":{"drawMode":0,"name":"Shaded","section":"Shading Mode"},"sceneLighting":false,"audioPlay":false,"sceneViewState":{"m_AlwaysRefresh":false,"showFog":true,"showSkybox":false,"showFlares":true,"showImageEffects":true,"showParticleSystems":true,"showVisualEffectGraphs":true,"m_FxEnabled":true},"in2DMode":false,"pivot":{"x":-0.06522250175476074,"y":0.5008135437965393,"z":-0.04185494780540466},"rotation":{"x":0.008866144344210625,"y":0.9903743863105774,"z":-0.07622024416923523,"w":0.11520156264305115},"size":0.8150913715362549,"orthographic":false}