{"cameraMode":{"drawMode":0,"name":"Shaded","section":"Shading Mode"},"sceneLighting":false,"audioPlay":false,"sceneViewState":{"m_AlwaysRefresh":false,"showFog":true,"showSkybox":false,"showFlares":true,"showImageEffects":true,"showParticleSystems":true,"showVisualEffectGraphs":true,"m_FxEnabled":true},"in2DMode":false,"pivot":{"x":-4.100092887878418,"y":-5.7495832443237309,"z":-1.6382293701171876},"rotation":{"x":-0.0064203147776424889,"y":0.9853899478912354,"z":-0.16591431200504304,"w":-0.03815458342432976},"size":20.264972686767579,"orthographic":false}