{"cameraMode":{"drawMode":0,"name":"Shaded","section":"Shading Mode"},"sceneLighting":false,"audioPlay":false,"sceneViewState":{"m_AlwaysRefresh":false,"showFog":true,"showSkybox":false,"showFlares":true,"showImageEffects":true,"showParticleSystems":true,"showVisualEffectGraphs":true,"m_FxEnabled":true},"in2DMode":false,"pivot":{"x":0.46813535690307619,"y":-0.21893048286437989,"z":3.26419734954834},"rotation":{"x":0.012464957311749459,"y":0.9330959916114807,"z":-0.35795727372169497,"w":0.032483309507369998},"size":11.933021545410157,"orthographic":false}