{"cameraMode":{"drawMode":0,"name":"Shaded","section":"Shading Mode"},"sceneLighting":false,"audioPlay":false,"sceneViewState":{"m_AlwaysRefresh":false,"showFog":true,"showSkybox":false,"showFlares":true,"showImageEffects":true,"showParticleSystems":true,"showVisualEffectGraphs":true,"m_FxEnabled":true},"in2DMode":false,"pivot":{"x":0.46813535690307619,"y":-0.21893048286437989,"z":3.26419734954834},"rotation":{"x":0.019156664609909059,"y":0.9654892086982727,"z":-0.24890613555908204,"w":0.0742945522069931},"size":8.183614730834961,"orthographic":false}