{"cameraMode":{"drawMode":0,"name":"Shaded","section":"Shading Mode"},"sceneLighting":false,"audioPlay":false,"sceneViewState":{"m_AlwaysRefresh":false,"showFog":true,"showSkybox":false,"showFlares":true,"showImageEffects":true,"showParticleSystems":true,"showVisualEffectGraphs":true,"m_FxEnabled":true},"in2DMode":false,"pivot":{"x":-0.019175946712493898,"y":0.6788451075553894,"z":0.012902021408081055},"rotation":{"x":-0.3007664978504181,"y":0.3993009328842163,"z":-0.1405293196439743,"w":-0.8546070456504822},"size":1.264937400817871,"orthographic":false}