{"cameraMode":{"drawMode":0,"name":"Shaded","section":"Shading Mode"},"sceneLighting":false,"audioPlay":false,"sceneViewState":{"m_AlwaysRefresh":false,"showFog":true,"showSkybox":false,"showFlares":true,"showImageEffects":true,"showParticleSystems":true,"showVisualEffectGraphs":true,"m_FxEnabled":true},"in2DMode":false,"pivot":{"x":0.1082615852355957,"y":3.6651322841644289,"z":0.5876145362854004},"rotation":{"x":0.11016836762428284,"y":-0.010436052456498146,"z":0.001156349666416645,"w":0.9938588738441467},"size":9.339104652404786,"orthographic":false}