{"cameraMode":{"drawMode":0,"name":"Shaded","section":"Shading Mode"},"sceneLighting":false,"audioPlay":false,"sceneViewState":{"m_AlwaysRefresh":false,"showFog":true,"showSkybox":false,"showFlares":true,"showImageEffects":true,"showParticleSystems":true,"showVisualEffectGraphs":true,"m_FxEnabled":true},"in2DMode":false,"pivot":{"x":5.9808244705200199,"y":0.6788451075553894,"z":0.012902021408081055},"rotation":{"x":-0.17803716659545899,"y":0.634742021560669,"z":-0.15352317690849305,"w":-0.7360952496528626},"size":1.2649372816085816,"orthographic":false}