{"cameraMode":{"drawMode":0,"name":"Shaded","section":"Shading Mode"},"sceneLighting":false,"audioPlay":false,"sceneViewState":{"m_AlwaysRefresh":false,"showFog":true,"showSkybox":false,"showFlares":true,"showImageEffects":true,"showParticleSystems":true,"showVisualEffectGraphs":true,"m_FxEnabled":true},"in2DMode":false,"pivot":{"x":3.752537727355957,"y":-1.0579185485839844,"z":-3.1813392639160158},"rotation":{"x":0.4254952073097229,"y":-0.05559771880507469,"z":0.026200206950306894,"w":0.9028750061988831},"size":12.981217384338379,"orthographic":false}