{"cameraMode":{"drawMode":0,"name":"Shaded","section":"Shading Mode"},"sceneLighting":false,"audioPlay":false,"sceneViewState":{"m_AlwaysRefresh":false,"showFog":true,"showSkybox":false,"showFlares":true,"showImageEffects":true,"showParticleSystems":true,"showVisualEffectGraphs":true,"m_FxEnabled":true},"in2DMode":false,"pivot":{"x":-0.7037736177444458,"y":0.40270042419433596,"z":-4.006150722503662},"rotation":{"x":-0.2953247129917145,"y":0.05527713894844055,"z":-0.017149584367871286,"w":-0.9536640644073486},"size":4.589263916015625,"orthographic":false}