{"cameraMode":{"drawMode":0,"name":"Shaded","section":"Shading Mode"},"sceneLighting":false,"audioPlay":false,"sceneViewState":{"m_AlwaysRefresh":false,"showFog":true,"showSkybox":false,"showFlares":true,"showImageEffects":true,"showParticleSystems":true,"showVisualEffectGraphs":true,"m_FxEnabled":true},"in2DMode":false,"pivot":{"x":5.199999809265137,"y":0.45573878288269045,"z":0.5741839408874512},"rotation":{"x":0.22189408540725709,"y":0.14995567500591279,"z":-0.03455827385187149,"w":0.9628534913063049},"size":26.78330421447754,"orthographic":false}