{"cameraMode":{"drawMode":0,"name":"Shaded","section":"Shading Mode"},"sceneLighting":false,"audioPlay":false,"sceneViewState":{"m_AlwaysRefresh":false,"showFog":true,"showSkybox":false,"showFlares":true,"showImageEffects":true,"showParticleSystems":true,"showVisualEffectGraphs":true,"m_FxEnabled":true},"in2DMode":false,"pivot":{"x":-0.6882854104042053,"y":0.559678316116333,"z":-3.2121400833129885},"rotation":{"x":-0.0006162749486975372,"y":0.9891613721847534,"z":-0.14677631855010987,"w":-0.004153580870479345},"size":3.657914638519287,"orthographic":false}