{"cameraMode":{"drawMode":0,"name":"Shaded","section":"Shading Mode"},"sceneLighting":false,"audioPlay":false,"sceneViewState":{"m_AlwaysRefresh":false,"showFog":true,"showSkybox":false,"showFlares":true,"showImageEffects":true,"showParticleSystems":true,"showVisualEffectGraphs":true,"m_FxEnabled":true},"in2DMode":false,"pivot":{"x":-0.06533867120742798,"y":0.5299844741821289,"z":0.11845779418945313},"rotation":{"x":-0.0883045420050621,"y":-0.04241316765546799,"z":0.0037641723174601795,"w":-0.9951891899108887},"size":4.299996376037598,"orthographic":false}