{"cameraMode":{"drawMode":0,"name":"Shaded","section":"Shading Mode"},"sceneLighting":false,"audioPlay":false,"sceneViewState":{"m_AlwaysRefresh":false,"showFog":true,"showSkybox":false,"showFlares":true,"showImageEffects":true,"showParticleSystems":true,"showVisualEffectGraphs":true,"m_FxEnabled":true},"in2DMode":false,"pivot":{"x":-2.036036968231201,"y":-8.990924835205079,"z":31.734844207763673},"rotation":{"x":0.17594747245311738,"y":-0.037789031863212588,"z":0.006759545765817165,"w":0.9836520552635193},"size":33.47829055786133,"orthographic":false}