{"cameraMode":{"drawMode":0,"name":"Shaded","section":"Shading Mode"},"sceneLighting":false,"audioPlay":false,"sceneViewState":{"m_AlwaysRefresh":false,"showFog":true,"showSkybox":false,"showFlares":true,"showImageEffects":true,"showParticleSystems":true,"showVisualEffectGraphs":true,"m_FxEnabled":true},"in2DMode":false,"pivot":{"x":1.0050508975982667,"y":-0.15248310565948487,"z":-1.2716495990753174},"rotation":{"x":-0.11956754326820374,"y":0.1624622344970703,"z":-0.01983622834086418,"w":-0.9792490601539612},"size":1.2504220008850098,"orthographic":false}