{"cameraMode":{"drawMode":0,"name":"Shaded","section":"Shading Mode"},"sceneLighting":false,"audioPlay":false,"sceneViewState":{"m_AlwaysRefresh":false,"showFog":true,"showSkybox":false,"showFlares":true,"showImageEffects":true,"showParticleSystems":true,"showVisualEffectGraphs":true,"m_FxEnabled":true},"in2DMode":false,"pivot":{"x":0.66078782081604,"y":-10.812199592590332,"z":31.373069763183595},"rotation":{"x":-0.21650700271129609,"y":-0.03748583421111107,"z":0.008318321779370308,"w":-0.9755271673202515},"size":23.010089874267579,"orthographic":false}