{"cameraMode":{"drawMode":0,"name":"Shaded","section":"Shading Mode"},"sceneLighting":false,"audioPlay":false,"sceneViewState":{"m_AlwaysRefresh":false,"showFog":true,"showSkybox":false,"showFlares":true,"showImageEffects":true,"showParticleSystems":true,"showVisualEffectGraphs":true,"m_FxEnabled":true},"in2DMode":false,"pivot":{"x":0.3267737925052643,"y":-0.21718865633010865,"z":-2.1463730335235597},"rotation":{"x":0.40764865279197695,"y":-0.10725834220647812,"z":0.04828483983874321,"w":0.9055330157279968},"size":15.69024658203125,"orthographic":false}