{"cameraMode":{"drawMode":0,"name":"Shaded","section":"Shading Mode"},"sceneLighting":true,"audioPlay":false,"sceneViewState":{"m_AlwaysRefresh":false,"showFog":true,"showSkybox":false,"showFlares":true,"showImageEffects":true,"showParticleSystems":true,"showVisualEffectGraphs":true,"m_FxEnabled":true},"in2DMode":false,"pivot":{"x":-3.033799886703491,"y":1.8436856269836426,"z":2.0370285511016847},"rotation":{"x":0.02722681686282158,"y":0.9725838303565979,"z":-0.17277312278747559,"w":0.1532658338546753},"size":15.763136863708496,"orthographic":false}