{"cameraMode":{"drawMode":0,"name":"Shaded","section":"Shading Mode"},"sceneLighting":true,"audioPlay":false,"sceneViewState":{"m_AlwaysRefresh":false,"showFog":true,"showSkybox":false,"showFlares":true,"showImageEffects":true,"showParticleSystems":true,"showVisualEffectGraphs":true,"m_FxEnabled":true},"in2DMode":false,"pivot":{"x":-0.29955387115478518,"y":1.0143500566482545,"z":-1.4355990886688233},"rotation":{"x":-0.22921283543109895,"y":0.01810094341635704,"z":-0.004263225011527538,"w":-0.9731989502906799},"size":8.232854843139649,"orthographic":false}