{"cameraMode":{"drawMode":0,"name":"Shaded","section":"Shading Mode"},"sceneLighting":true,"audioPlay":false,"sceneViewState":{"m_AlwaysRefresh":false,"showFog":true,"showSkybox":false,"showFlares":true,"showImageEffects":true,"showParticleSystems":true,"showVisualEffectGraphs":true,"m_FxEnabled":true},"in2DMode":false,"pivot":{"x":0.16564279794692994,"y":4.687211513519287,"z":-1.4087486267089844},"rotation":{"x":-0.18965137004852296,"y":-0.0053048585541546349,"z":0.0010248975595459343,"w":-0.9818382859230042},"size":31.051565170288087,"orthographic":false}