{"cameraMode":{"drawMode":0,"name":"Shaded","section":"Shading Mode"},"sceneLighting":false,"audioPlay":false,"sceneViewState":{"m_AlwaysRefresh":false,"showFog":true,"showSkybox":false,"showFlares":true,"showImageEffects":true,"showParticleSystems":true,"showVisualEffectGraphs":true,"m_FxEnabled":true},"in2DMode":false,"pivot":{"x":-3.3847787380218508,"y":4.355517387390137,"z":7.6621856689453129},"rotation":{"x":-0.011348247528076172,"y":0.9701603651046753,"z":-0.23773276805877686,"w":-0.04631088301539421},"size":7.180335998535156,"orthographic":false}