{"cameraMode":{"drawMode":0,"name":"Shaded","section":"Shading Mode"},"sceneLighting":false,"audioPlay":false,"sceneViewState":{"m_AlwaysRefresh":false,"showFog":true,"showSkybox":false,"showFlares":true,"showImageEffects":true,"showParticleSystems":true,"showVisualEffectGraphs":true,"m_FxEnabled":true},"in2DMode":false,"pivot":{"x":1.4808239936828614,"y":0.6788451075553894,"z":0.012902021408081055},"rotation":{"x":-0.05931168422102928,"y":0.5438084602355957,"z":-0.038571227341890338,"w":-0.8362219929695129},"size":1.2649372816085816,"orthographic":false}